artist_id,display_name,appearances,first_seen,latest_seen,cities,venues
174,Counting Crows,43,1997-03-10,2026-08-07,25,37
510,Motion City Soundtrack,22,2006-02-16,2026-07-19,11,19
377,Jimmy Eat World,21,2002-08-04,2026-08-20,12,17
871,Third Eye Blind,20,1998-08-15,2026-08-23,12,17
169,Cold War Kids,18,2009-04-17,2026-07-25,10,16
107,Blind Pilot,15,2004-10-11,2026-07-24,8,12
429,Live,15,1995-08-31,2025-07-08,9,12
47,Andrew McMahon in the Wilderness,14,2014-10-17,2026-08-14,7,11
898,Twiddle,14,2018-02-03,2023-11-11,10,11
462,Manchester Orchestra,13,2009-08-07,2023-08-16,8,12
564,Our Lady Peace,13,1997-11-03,2026-06-24,5,10
358,Jack's Mannequin,12,2007-03-06,2026-08-14,6,9
730,Spoon,12,2007-10-12,2021-09-03,7,11
769,The Airborne Toxic Event,12,2009-08-09,2026-09-20,6,7
198,Death Cab for Cutie,11,2008-06-03,2023-10-06,5,11
249,Eve 6,11,1998-05-23,2016-09-08,6,10
583,Penny and the Loafers,11,2000-04-29,2014-06-28,1,3
171,Collective Soul,10,1997-05-30,2025-07-08,7,10
202,Delta Spirit,10,2009-08-08,2022-05-11,4,6
433,Local Natives,10,2011-08-05,2023-09-26,9,10
104,Bleachers,9,2021-10-11,2026-09-19,8,9
277,Foster the People,9,2011-08-05,2026-09-16,4,8
304,Goo Goo Dolls,9,1995-12-08,2006-08-26,7,8
861,The Wallflowers,9,1997-07-05,2022-09-27,5,9
67,Augustana,8,2007-01-25,2025-06-21,5,6
139,Butch Walker,8,2003-02-21,2012-12-31,1,5
216,Dovetail Joint,8,1998-09-25,2001-12-09,3,5
250,Everclear,8,1996-07-05,2025-09-14,5,7
452,Lucky Boy's Confusion,8,1999-06-24,2022-09-16,1,4
498,Milky Chance,8,2017-06-10,2023-08-11,7,8
33,Alkaline Trio,7,2009-04-20,2026-10-20,4,6
142,Cage the Elephant,7,2009-08-09,2024-06-22,4,5
652,Roger Clyne & the Peacemakers,7,2001-09-01,2016-04-19,4,6
768,The Academy is…,7,2006-03-25,2026-05-02,5,5
45,Andrew McMahon,6,2009-10-07,2023-07-29,5,6
53,Arcade Fire,6,2010-08-08,2018-09-21,3,4
82,Beck,6,1997-05-25,2022-07-28,6,6
259,Fastball,6,1998-05-23,2003-02-21,3,5
319,Grouplove,6,2012-07-14,2024-02-28,5,6
620,Ra Ra Riot,6,2009-08-09,2019-08-01,5,6
655,Royal Bangs,6,2008-08-09,2012-05-10,2,6
699,Sister Hazel,6,1997-07-08,2007-12-28,1,2
706,Smashing Pumpkins,6,1996-08-23,2026-11-06,4,6
92,Better Than Ezra,5,1998-10-17,2009-12-12,1,3
109,Blink 182,5,2011-08-20,2023-10-21,5,5
179,Creed,5,1998-05-23,2002-08-09,3,4
310,Graham Colton,5,2002-10-15,2009-11-20,2,5
554,OK Go,5,2006-02-16,2011-08-05,2,4
580,Paul Simon,5,2011-05-16,2019-08-11,4,5
600,Plain White T's,5,2000-06-08,2006-02-16,2,2
634,Remy Zero,5,1999-02-12,2002-05-30,1,4
654,Rogue Wave,5,2008-06-03,2016-08-06,3,5
723,Spacehog,5,1996-03-22,2025-06-18,3,5
810,The Gaslight Anthem,5,2009-08-07,2014-05-09,3,5
868,These United States,5,2010-06-28,2012-04-13,1,4
890,Train,5,1999-09-22,2002-08-11,2,4
282,Frightened Rabbit,4,2009-07-19,2011-08-25,1,4
296,Gigolo Aunts,4,1999-04-22,1999-11-26,3,4
312,Green Day,4,2001-01-23,2023-10-21,3,4
337,Holiday from Real Cruise ‘24,4,2024-11-09,2024-11-12,1,1
381,John Mellencamp,4,1999-07-02,2023-03-15,4,4
387,Judah & the Lion,4,2019-08-11,2026-10-05,3,3
419,Lettuce,4,2013-12-14,2018-02-16,3,3
432,Local H,4,1996-12-12,2025-09-14,4,4
439,Lollapalooza ‘17,4,2017-08-03,2017-08-06,1,1
472,Marvelous 3,4,1999-05-05,2000-10-21,3,3
586,Pete Yorn,4,2002-04-18,2026-12-05,4,4
629,Red Hot Chili Peppers,4,2000-08-02,2022-07-28,4,4
741,Stone Temple Pilots,4,1996-12-12,2010-08-20,3,3
882,Tom Petty & the Heartbrakers,4,1999-10-07,2017-08-28,3,3
885,Tonic,4,1996-11-21,2000-03-18,1,3
902,Typhoon,4,2014-08-07,2024-03-23,3,4
951,Wild Sweet Orange,4,2008-04-10,2008-10-05,2,4
969,Young the Giant,4,2011-08-05,2026-07-25,3,4
331,hellogoodbye,4,2006-03-25,2015-02-13,3,4
17,Acceptance,3,2006-03-25,2025-08-22,3,3
22,After Five Live,3,2000-03-23,2001-09-24,1,1
83,Beer Bash,3,2013-07-26,2014-08-14,1,1
84,Ben Folds,3,2008-10-11,2022-06-13,3,3
101,Black Lab,3,1998-03-12,1998-08-15,3,3
137,Bunbury Music Festival ’12,3,2012-07-13,2012-07-15,1,1
138,Bush,3,1997-04-24,1999-12-03,3,3
231,Eddie Vedder,3,2008-08-21,2011-06-28,2,3
287,Garbage,3,1998-12-18,2017-09-16,3,3
297,Gin Blossoms,3,1996-09-06,2017-11-13,3,3
341,Hot Mulligan,3,2023-03-07,2025-11-23,2,2
369,Jeff Beck,3,1999-09-10,2010-06-26,2,2
378,Joe 90,3,1999-11-24,2000-01-20,2,2
395,Kaaboo ‘17,3,2017-09-15,2017-09-17,1,1
423,Lifehouse,3,2001-03-02,2001-12-09,3,3
438,Lollapalooza '09,3,2009-08-07,2009-08-09,1,1
440,Lollapalooza ’10,3,2010-08-06,2010-08-08,1,1
441,Lollapalooza ’11,3,2011-08-05,2011-08-07,1,1
445,Lord Huron,3,2004-10-11,2016-08-06,3,3
500,Mimicking Birds,3,2009-11-25,2014-08-23,2,3
566,Outside Lands 2014,3,2014-08-08,2014-08-10,1,1
567,Outside Lands 2016,3,2016-08-05,2016-08-07,1,1
569,Outside Lands 2018,3,2018-08-10,2018-08-12,1,1
570,Outside Lands 2019,3,2019-08-09,2019-08-20,1,1
581,Pearl Jam,3,2009-08-23,2013-11-23,3,3
593,Phoenix,3,2010-08-07,2017-06-10,3,3
624,Railroad Earth,3,2014-03-15,2017-01-28,2,2
642,Riot Fest ‘22,3,2022-09-16,2022-09-18,1,1
665,Santigold,3,2008-07-22,2019-08-20,2,3
669,Saves the Day,3,2006-07-30,2010-10-30,2,3
685,Shaky Knees 2014,3,2014-05-09,2014-05-11,1,1
689,Sheryl Crow,3,2002-08-11,2010-06-13,3,3
716,Something Corporate,3,2023-10-21,2026-08-14,3,3
719,Soul Asylum,3,1995-12-08,1998-08-21,2,2
727,Splender,3,1999-09-22,2000-07-09,2,3
729,Sponge,3,1999-06-30,2025-09-14,2,3
737,Steve Winwood,3,2007-07-28,2014-10-01,2,2
738,Stick Figure,3,2018-02-03,2019-06-23,3,3
743,Stroke 9,3,1999-12-13,2000-07-02,1,2
752,Swizzletree,3,2000-06-08,2003-04-27,1,1
796,The Dog and Everything,3,2001-05-27,2002-02-21,1,2
812,The Get Up Kids,3,2001-01-23,2026-08-20,3,3
824,The Last Night on Earth,3,2026-03-26,2026-03-28,1,1
834,The Morning Benders,3,2010-04-12,2010-10-30,1,2
856,The Strokes,3,2006-09-15,2011-09-03,2,3
858,The Traveling Circus & Medicine Show,3,2009-07-29,2009-08-12,3,3
865,The Wonder Years,3,2022-09-16,2023-03-07,3,3
879,Tokyo Police Club,3,2014-05-10,2021-11-02,3,3
884,Tom Petty and the Heartbreakers,3,1999-07-31,2013-06-09,2,2
893,Travis,3,2000-05-20,2001-10-10,2,2
894,Treaty of Paris,3,2006-07-28,2012-06-02,2,3
895,Tripping Daisy,3,1995-12-08,2026-05-15,3,3
903,U2,3,1997-06-29,2011-07-05,1,2
904,Ultimate Fakebook,3,2009-12-18,2009-12-20,1,1
916,Vanessa Carlton,3,2002-08-22,2007-11-18,2,2
923,Vertical Horizon,3,1999-08-12,2000-07-09,2,2
924,Veruca Salt,3,1995-08-31,1997-05-25,2,2
938,Weezer,3,2009-12-01,2017-09-15,3,3
952,Will Hoge,3,2001-08-18,2012-07-15,3,3
967,Yellowcard,3,2022-09-17,2024-06-13,3,3
285,fun.,3,2010-02-22,2012-04-14,1,2
6,22 Jacks,2,2000-02-20,2000-03-19,1,2
7,311,2,2000-05-20,2018-07-25,2,2
8,4 Albums/2 Nites: Motion City Soundtrack,2,2011-09-23,2011-09-24,1,1
23,Against Me,2,2006-07-30,2010-08-07,2,2
24,Ages and Ages,2,2017-09-16,2026-03-14,2,2
28,Alanis Morissette,2,1995-12-08,2017-09-17,2,2
36,Alt J,2,2013-12-07,2017-08-05,2,2
39,American H-Fi,2,2001-02-27,2001-03-03,2,2
44,Anderson.Paak & the Free Nationals,2,2016-08-06,2019-08-11,1,1
49,Angels & Airwaves,2,2021-07-27,2021-10-09,2,2
60,Athenaeum,2,1998-08-15,1998-10-17,2,2
61,Atlas Genius,2,2017-03-24,2017-08-03,1,2
62,Atmosphere,2,2009-08-08,2011-08-06,1,1
64,Audacy Beach Festival,2,2021-12-04,2021-12-06,1,1
78,BB King,2,2007-07-28,2010-06-26,1,1
71,Bad Religion,2,2009-08-23,2022-09-17,1,2
76,Bandcamp,2,2006-08-24,2006-08-27,1,1
99,Billy Joel,2,1998-11-22,2024-05-24,2,2
110,Blitzen Trapper,2,2010-08-08,2014-05-11,2,2
125,Brian Vander Ark,2,2002-08-15,2003-05-15,1,2
129,Brigitte Calls Me Baby,2,2024-10-11,2024-10-12,1,1
135,Buffalo Tom,2,1995-08-31,1998-11-18,2,2
144,Capital Cities,2,2014-08-09,2017-08-03,2,2
146,Cartel,2,2024-11-11,2026-05-22,2,2
153,Chance the Rapper,2,2016-08-07,2017-08-05,2,2
159,Childish Gambino,2,2018-12-12,2019-08-20,2,2
163,Citizen Cope,2,2001-11-08,2015-09-12,1,2
165,Claud,2,2021-10-11,2021-11-06,2,2
166,Close Enough,2,2001-05-27,2001-07-22,1,1
170,Coldplay,2,2008-07-22,2011-08-05,1,2
175,Counting Crows with Augustana,2,2009-07-08,2009-07-29,2,2
176,Counting Crows with Augustana and Michael Franti & Spearhead,2,2009-08-11,2009-08-12,2,2
180,Crossroads Guitar Festival,2,2007-07-28,2010-06-26,1,1
194,Dawes,2,2010-08-07,2014-05-10,2,2
200,Deer Tick,2,2010-08-07,2014-05-11,2,2
203,Derek Trucks Band,2,2007-07-28,2008-04-19,2,2
208,Dishwalla,2,1996-11-21,2002-09-25,2,2
222,Drug Church,2,2024-03-23,2025-11-23,1,1
237,Eliot Morris,2,2006-08-18,2008-04-18,2,2
264,Fitz & the Tantrums,2,2011-08-06,2015-10-20,2,2
266,Five For Fighting,2,2001-03-26,2002-08-11,2,2
276,Foo Fighters,2,1998-05-23,2011-08-07,2,2
284,Fun Lovin' Criminals,2,1997-03-01,1997-06-29,1,2
289,Gas Giants,2,2000-02-25,2000-03-23,1,2
298,Glass Animals,2,2017-08-05,2021-12-04,2,2
306,Good Kid,2,2022-09-13,2026-05-09,1,2
309,Grace Potter & the Nocturnals,2,2010-09-04,2012-07-07,1,2
316,Gregory Alan Isakov,2,2014-05-10,2017-08-16,2,2
323,Gym Class Heroes,2,2006-07-30,2018-07-25,2,2
325,Harvey Danger,2,1998-05-23,2000-10-26,2,2
332,Hey Rosetta!,2,2012-08-04,2012-10-23,1,2
334,Hippo Campus,2,2016-09-17,2017-08-03,1,2
335,Hockey,2,2009-08-07,2010-08-08,1,1
339,Honda Civic Tour,2,2008-05-23,2011-08-20,2,2
343,Hovvdy,2,2024-01-31,2024-02-03,2,2
357,J Davis Trio,2,2000-11-30,2014-08-30,1,2
359,Jackson Browne,2,1999-09-09,2017-09-17,2,2
364,Jane’s Addiction,2,2012-07-13,2017-09-16,2,2
380,John Mayer,2,2002-07-27,2007-07-28,2,2
385,Jonny Lang,2,1997-08-30,1999-09-10,1,1
389,Jukebox the Ghost,2,2010-08-06,2012-10-12,1,2
394,K's Choice,2,1997-08-14,1998-08-06,1,2
399,Kanye West,2,2014-08-08,2015-10-10,1,2
405,Kings of Leon,2,2009-08-07,2014-03-25,2,2
421,Liam Finn,2,2008-08-21,2009-06-20,2,2
427,Liquid Hot Magma,2,2012-01-21,2012-06-02,1,2
446,Lorde,2,2013-12-07,2017-08-03,2,2
455,Luscious Jackson,2,1997-08-22,2000-02-20,2,2
464,Maps & Atlases,2,2010-05-08,2011-08-06,1,2
466,Marcy Playground,2,1998-06-11,1998-08-15,2,2
469,Maroon 5,2,2002-08-11,2008-08-22,1,2
474,Mary Tyler Morphine,2,1998-12-03,2000-05-24,1,2
476,Matchbox Twenty,2,2001-03-02,2001-08-03,2,2
493,Mighty Mighty Bosstones,2,1997-05-25,2000-05-20,1,1
502,Moby,2,2000-05-20,2010-09-04,2,2
523,My Chemical Romance,2,2011-08-20,2022-09-16,2,2
532,Natalie Merchant,2,2010-04-24,2010-07-22,1,2
537,New American Music Union,2,2008-08-08,2008-08-09,1,1
548,Oasis,2,1995-12-08,2008-12-12,1,2
553,Oh Wonder,2,2016-08-07,2026-04-29,2,2
562,Oso Oso,2,2024-04-09,2025-12-02,1,2
568,Outside Lands 2017,2,2017-08-11,2017-08-12,1,1
573,P1440,2,2018-09-28,2018-09-29,1,1
597,PJ Harvey,2,1995-08-31,2001-05-16,2,2
576,Panic! at the Disco,2,2006-03-25,2008-05-23,1,2
588,Peter Stuart,2,2000-08-05,2001-08-03,1,2
594,Phosphorescent,2,2014-08-08,2019-08-20,1,1
601,Polica,2,2016-08-05,2022-09-18,2,2
607,Pretenders,2,1998-07-22,2000-02-26,2,2
631,Refreshments,2,1996-11-21,1997-10-26,1,1
640,Riddlin' Kids,2,2001-11-09,2002-08-19,1,1
641,Riot Fest '16,2,2016-09-16,2016-09-17,1,1
643,Riot Fest ’12,2,2012-09-15,2012-09-16,1,1
651,Roger Clyne,2,2003-03-27,2012-03-09,2,2
664,Santana,2,1999-06-19,2008-04-19,2,2
670,Say Anything,2,2007-10-24,2025-12-02,2,2
677,Semisonic,2,1998-08-21,1999-02-12,2,2
683,Shades Apart,2,1999-08-03,2001-06-26,1,1
697,Sincere Engineer,2,2022-09-15,2022-09-16,1,2
707,Smashmouth,2,1999-08-27,2000-02-20,2,2
708,Smoking Popes,2,2012-06-07,2016-09-17,1,2
710,Snow Patrol,2,2007-04-02,2007-04-05,2,2
720,Soul Coughing,2,1997-05-25,1998-12-18,2,2
722,Soundstage,2,2005-05-03,2008-04-08,1,1
728,Split Habit,2,2000-12-17,2002-04-27,1,1
748,Sullen,2,2000-04-08,2000-04-22,2,2
749,Summer Gods Tour,2,2019-06-15,2019-08-01,2,2
766,Thao & the Get Down Stay Down,2,2009-10-30,2013-10-17,2,2
767,Thao and Mirah,2,2010-06-28,2011-06-03,1,2
781,The Black Keys,2,2008-08-08,2010-08-06,2,2
786,The Cars,2,2011-05-18,2011-08-07,1,2
799,The Early November,2,2006-07-30,2025-06-20,2,2
807,The Fray,2,2007-06-14,2009-06-28,2,2
813,The Grateful Dead,2,2015-06-26,2015-06-27,1,1
818,The Hold Steady,2,2009-01-15,2014-05-11,2,2
820,The Insecurities,2,2008-11-01,2009-08-19,1,2
835,The National,2,2011-04-22,2014-05-09,2,2
840,The Offspring,2,2018-07-25,2025-09-03,2,2
852,The Spill Canvas,2,2006-02-16,2016-05-09,2,2
857,The Temper Trap,2,2010-08-08,2012-03-24,1,2
859,The Verve Pipe,2,2001-09-24,2026-06-24,2,2
860,The Walkmen,2,2008-04-04,2010-08-06,1,2
866,The XX,2,2010-08-07,2017-08-05,1,1
867,Then Again...,2,2000-04-08,2000-07-02,2,2
872,Three Doors Down,2,2000-08-11,2001-07-06,2,2
877,Toad the Wet Sprocket,2,2014-08-15,2017-09-16,2,2
883,Tom Petty & the Heartbreakers,2,2014-08-09,2017-09-17,2,2
891,Trampled by Turtles,2,2012-04-13,2014-05-11,2,2
899,Twin Forks,2,2015-05-03,2015-05-04,2,2
913,Vampire Weekend,2,2008-04-06,2009-08-09,1,2
917,Vast,2,2001-02-27,2001-03-03,2,2
918,Vedera,2,2009-12-12,2010-02-22,1,1
920,Verbow,2,2002-05-30,2002-11-16,1,1
925,Verve Pipe,2,1997-05-25,1997-08-14,2,2
930,Wake Owl,2,2014-05-10,2014-05-10,1,2
939,Wheat,2,2002-11-16,2003-02-18,1,2
946,White Rabbits,2,2008-04-04,2012-04-08,1,2
948,Widespread Panic,2,2011-10-28,2014-03-29,2,2
547,o.a.r.,2,2002-08-11,2002-10-21,2,2
1,10th Annual Dear Jack Benefit,1,2019-11-11,2019-11-11,1,1
2,12 Stones,1,2002-08-09,2002-08-09,1,1
3,13th Annual Dear Jack Benefit,1,2022-11-11,2022-11-11,1,1
4,19 Wheels,1,2000-10-08,2000-10-08,1,1
5,1997,1,2008-04-23,2008-04-23,1,1
9,40 Minute Finish,1,1999-09-25,1999-09-25,1,1
10,7 Seconds,1,2022-09-17,2022-09-17,1,1
11,?,1,2015-03-15,2015-03-15,1,1
12,A,1,2000-10-21,2000-10-21,1,1
13,A Hip Abduction,1,2018-05-04,2018-05-04,1,1
21,AFI,1,2010-06-05,2010-06-05,1,1
42,AMICI,1,2003-04-27,2003-04-27,1,1
51,ANR,1,2011-04-16,2011-04-16,1,1
14,Aaron Sprinkle,1,2025-08-22,2025-08-22,1,1
15,Absinthe Blind,1,1999-09-25,1999-09-25,1,1
16,Academy is dude,1,2022-11-11,2022-11-11,1,1
18,Adair,1,2006-07-30,2006-07-30,1,1
19,Adam Duritz with Dave Gibbs,1,2008-02-01,2008-02-01,1,1
20,Aerosmith,1,1997-08-30,1997-08-30,1,1
25,Air,1,2016-08-06,2016-08-06,1,1
26,Airborne Toxic Event,1,2012-07-13,2012-07-13,1,1
27,Alabama Shakes,1,2014-05-11,2014-05-11,1,1
29,Alberta Cross,1,2009-08-09,2009-08-09,1,1
30,Alex Lahey,1,2019-08-11,2019-08-11,1,1
31,Alina Baraz,1,2019-08-20,2019-08-20,1,1
32,Alison Krausse & Union Station,1,2007-07-28,2007-07-28,1,1
34,All Get Out,1,2022-07-14,2022-07-14,1,1
35,Allman Brothers Band,1,2000-08-25,2000-08-25,1,1
37,Amazing Transparent Man,1,2000-12-17,2000-12-17,1,1
38,American English,1,2012-07-29,2012-07-29,1,1
40,American Hi-Fi,1,2004-08-07,2004-08-07,1,1
41,American Pearl,1,2000-08-11,2000-08-11,1,1
43,Anderson Paak,1,2019-06-27,2019-06-27,1,1
46,Andrew McMahon & Friends,1,2024-11-12,2024-11-12,1,1
48,Angel Olsen,1,2017-10-21,2017-10-21,1,1
50,Annie Lennox,1,2004-07-18,2004-07-18,1,1
52,Anxious,1,2025-11-23,2025-11-23,1,1
54,Arctic Monkeys,1,2014-08-08,2014-08-08,1,1
55,Arizona,1,2024-06-13,2024-06-13,1,1
56,Arm’s Length,1,2025-11-23,2025-11-23,1,1
57,As Tall As Lions,1,2008-04-23,2008-04-23,1,1
58,Asher Roth,1,2009-08-07,2009-08-07,1,1
59,Atari Teenage Riot,1,1997-08-29,1997-08-29,1,1
63,Atrocity Girl,1,2023-11-04,2023-11-04,1,1
65,Audiovent,1,2002-08-10,2002-08-10,1,1
66,August Premiere,1,2002-04-27,2002-04-27,1,1
68,Avid Dancer,1,2014-11-22,2014-11-22,1,1
69,B-52's,1,1998-07-22,1998-07-22,1,1
70,Back Drop,1,2001-05-27,2001-05-27,1,1
72,Bad Ronald,1,2001-11-09,2001-11-09,1,1
74,Band of Horses,1,2015-10-20,2015-10-20,1,1
75,Band of Skulls,1,2014-05-09,2014-05-09,1,1
77,Barenaked Ladies,1,1998-05-23,1998-05-23,1,1
79,Beach House,1,2016-08-05,2016-08-05,1,1
80,Bear Hands,1,2014-08-08,2014-08-08,1,1
81,Beauty School,1,2026-05-22,2026-05-22,1,1
85,Ben Folds Five,1,1998-05-23,1998-05-23,1,1
86,Ben Gibbard & Jay Farrar,1,2009-10-26,2009-10-26,1,1
87,Ben Harper and the Relentless7,1,2009-08-08,2009-08-08,1,1
88,Ben Lee,1,2002-10-29,2002-10-29,1,1
89,Ben Quad,1,2026-11-25,2026-11-25,1,1
90,Best Coast,1,2014-08-23,2014-08-23,1,1
91,Better Oblivion Community Center,1,2019-08-20,2019-08-20,1,1
93,Bettie Serveert,1,1997-07-05,1997-07-05,1,1
94,Big Audio Dynamite,1,2011-08-06,2011-08-06,1,1
95,Big Boi,1,2016-08-05,2016-08-05,1,1
96,Big Grams,1,2016-08-06,2016-08-06,1,1
97,Big Hello,1,2000-07-02,2000-07-02,1,1
98,Bikelock,1,2024-11-10,2024-11-10,1,1
100,Birthday,1,2017-06-10,2017-06-10,1,1
102,Black Mountain,1,2008-08-09,2008-08-09,1,1
105,Bleu,1,2003-02-18,2003-02-18,1,1
106,Blind Boys of Alabama,1,1999-10-07,1999-10-07,1,1
108,Blind Pilot with Orchestra,1,2018-03-01,2018-03-01,1,1
111,Bloodhound Gang,1,2000-05-20,2000-05-20,1,1
112,Blues Traveler,1,2010-08-07,2010-08-07,1,1
113,Bob Dylan and His Band,1,2008-08-09,2008-08-09,1,1
114,Bob Moses,1,2019-08-11,2019-08-11,1,1
115,Bomb Pop,1,1999-10-05,1999-10-05,1,1
116,Bon Iver,1,2009-08-07,2009-08-07,1,1
117,Bonnie Raitt,1,1999-09-09,1999-09-09,1,1
118,Boston Manor,1,2026-11-25,2026-11-25,1,1
119,Bound to Change,1,2000-03-21,2000-03-21,1,1
120,Bradford Reed and his Amazing Pencilina,1,1998-09-23,1998-09-23,1,1
121,Brand New,1,2016-09-17,2016-09-17,1,1
122,Brandi Carlile,1,2016-08-07,2016-08-07,1,1
123,Brass Tracks,1,2019-08-09,2019-08-09,1,1
124,Bree Sharp,1,2003-03-27,2003-03-27,1,1
126,Brick + Mortar,1,2016-09-17,2016-09-17,1,1
127,Bright Eyes,1,2011-08-05,2011-08-05,1,1
128,Bright Light Social Hour,1,2014-05-09,2014-05-09,1,1
130,Bruce Hornsby,1,1999-09-09,1999-09-09,1,1
131,Bruce Springsteen & the E Street Band,1,2012-09-08,2012-09-08,1,1
132,Buckcherry,1,1999-12-03,1999-12-03,1,1
133,Buddy Guy,1,2007-07-28,2007-07-28,1,1
134,Buddy Robinson,1,2007-07-28,2007-07-28,1,1
136,Bully,1,2024-02-28,2024-02-28,1,1
140,Butch Walker & the Black Widows,1,2010-05-09,2010-05-09,1,1
141,Butch Walker & the Lets Go Out Tonites,1,2006-08-02,2006-08-02,1,1
143,Cake,1,1998-12-18,1998-12-18,1,1
145,Cardigans,1,1997-05-25,1997-05-25,1,1
147,Cary Pierce,1,2001-03-14,2001-03-14,1,1
148,Cathy Richardson,1,2000-07-02,2000-07-02,1,1
149,Cavashawn,1,2008-11-01,2008-11-01,1,1
150,Cedarcase,1,2002-08-23,2002-08-23,1,1
151,Cee Lo Green,1,2011-08-06,2011-08-06,1,1
152,Cemetery Sun,1,2017-06-10,2017-06-10,1,1
154,Chaperones,1,2010-05-06,2010-05-06,1,1
155,Charles Bradley & his Extraordinaires,1,2014-05-09,2014-05-09,1,1
156,Charly Bliss,1,2022-09-17,2022-09-17,1,1
157,Cheap Trick,1,1998-07-07,1998-07-07,1,1
158,Chevelle,1,1999-06-24,1999-06-24,1,1
160,Chipotle Cultivate Festival ‘14,1,2014-06-07,2014-06-07,1,1
161,Chris Gilmartin,1,2002-08-15,2002-08-15,1,1
162,Cibo Matto,1,1999-11-05,1999-11-05,1,1
164,City Riots,1,2009-08-01,2009-08-01,1,1
167,Cocoroise,1,2014-08-23,2014-08-23,1,1
168,Colby Callet,1,2010-06-13,2010-06-13,1,1
172,Conor Oberst,1,2014-05-10,2014-05-10,1,1
173,Couch,1,2023-05-11,2023-05-11,1,1
177,Cracker,1,2000-05-28,2000-05-28,1,1
178,Crash Kings,1,2012-07-13,2012-07-13,1,1
181,Crystal Castles,1,2017-08-04,2017-08-04,1,1
182,Cypress Hill,1,2010-08-08,2010-08-08,1,1
183,Cytrus,1,2026-10-03,2026-10-03,1,1
209,DJ Koze,1,2019-08-11,2019-08-11,1,1
210,DNC Hope Fundraiser,1,2015-10-10,2015-10-10,1,1
184,Dale Earnhardt Jr Jr,1,2011-08-07,2011-08-07,1,1
185,Damian ‘Jr Gong’ Marley & Nas,1,2011-08-07,2011-08-07,1,1
186,Dan Deacon,1,2009-08-09,2009-08-09,1,1
187,Darlahood,1,1997-05-30,1997-05-30,1,1
188,Data Night Out TC15,1,2015-10-20,2015-10-20,1,1
189,Dave Matthews Band,1,1996-09-06,1996-09-06,1,1
190,David Byrne,1,2025-11-11,2025-11-11,1,1
191,David Ford,1,2008-05-13,2008-05-13,1,1
192,David Gray,1,2000-09-15,2000-09-15,1,1
193,David Schultz & the Skyline,1,2009-10-30,2009-10-30,1,1
195,Days of the New,1,1999-12-03,1999-12-03,1,1
196,Daytrotter Barnraiser III,1,2010-04-29,2010-04-29,1,1
197,De La Soul,1,2010-09-04,2010-09-04,1,1
199,Dee-1,1,2016-09-17,2016-09-17,1,1
201,Deerhunter,1,2010-04-01,2010-04-01,1,1
204,Derek Trucks with Susan Tedeschi,1,2010-06-26,2010-06-26,1,1
205,Dexter Freebish,1,2000-11-09,2000-11-09,1,1
206,Dick Prall,1,2009-11-20,2009-11-20,1,1
207,Disclosure,1,2014-08-08,2014-08-08,1,1
211,Do Division Street Festival,1,2011-06-05,2011-06-05,1,1
212,Dogs Undecided,1,2000-07-18,2000-07-18,1,1
213,Dom,1,2011-08-06,2011-08-06,1,1
214,Dominick Miller,1,2004-07-18,2004-07-18,1,1
215,Donna Missal,1,2016-09-17,2016-09-17,1,1
217,Doyle Bramhall II,1,2007-07-28,2007-07-28,1,1
218,Dr Dog,1,2010-04-16,2010-04-16,1,1
219,Dr Teeth & the Electric Mayhem,1,2016-08-07,2016-08-07,1,1
220,Drive-By Truckers,1,2010-08-06,2010-08-06,1,1
221,Dropkick Murphys,1,2014-05-09,2014-05-09,1,1
223,Duran Duran,1,2016-08-05,2016-08-05,1,1
224,Dust for Life,1,2000-08-11,2000-08-11,1,1
225,Dynamite Hack,1,2000-10-21,2000-10-21,1,1
239,EMF,1,2025-06-18,2025-06-18,1,1
226,Ecce Shnak,1,2025-06-18,2025-06-18,1,1
227,Echo and the Bunnymen,1,1997-05-25,1997-05-25,1,1
228,Ed Sheeran,1,2026-08-01,2026-08-01,1,1
229,Ed Sheeran: - Tour,1,2023-08-25,2023-08-25,1,1
230,Eddie Koalyczyk,1,2009-06-23,2009-06-23,1,1
232,Edie Brickell & the New Bohemians,1,2019-08-20,2019-08-20,1,1
233,Edward Sharpe & the Magnetic Zeros,1,2014-05-11,2014-05-11,1,1
234,Eggy,1,2023-03-02,2023-03-02,1,1
235,Elbow,1,2002-04-18,2002-04-18,1,1
236,Electric Beethoven Acid Test,1,2016-08-06,2016-08-06,1,1
238,Elvis Costello & the Imposters,1,2012-09-16,2012-09-16,1,1
240,Eminem,1,2011-08-06,2011-08-06,1,1
241,Empire of the Sun,1,2017-10-11,2017-10-11,1,1
242,Empires,1,2008-04-23,2008-04-23,1,1
243,Empreyaen,1,2003-05-15,2003-05-15,1,1
244,Engine 88,1,1997-03-10,1997-03-10,1,1
245,Erasure,1,1997-05-25,1997-05-25,1,1
246,Eric Clapton,1,2007-07-28,2007-07-28,1,1
247,Eric Clapton with Steve Winwood,1,2010-06-26,2010-06-26,1,1
248,Ethyline,1,1999-12-13,1999-12-13,1,1
251,Everlast,1,1998-12-18,1998-12-18,1,1
252,Everybody was in the French Resistance... Now!,1,2010-05-06,2010-05-06,1,1
253,Exies,1,2003-04-03,2003-04-03,1,1
254,Ezra Furman & the Harpoons,1,2010-06-19,2010-06-19,1,1
255,Ezra Furman and the Harpoons,1,2009-08-08,2009-08-08,1,1
256,Face First,1,2000-04-29,2000-04-29,1,1
257,Fang Island,1,2010-08-20,2010-08-20,1,1
258,Farewell Continental,1,2011-06-19,2011-06-19,1,1
260,Fat Banana,1,1997-07-08,1997-07-08,1,1
261,Fiction Plane,1,2007-07-05,2007-07-05,1,1
262,First City Festival ‘14,1,2014-08-23,2014-08-23,1,1
263,Fishbone,1,2000-08-02,2000-08-02,1,1
265,Fitz and the Tantrums,1,2016-09-17,2016-09-17,1,1
267,Five For Fightning,1,2000-09-15,2000-09-15,1,1
268,Flaming Lips,1,2014-08-10,2014-08-10,1,1
269,Flashy Python,1,2010-01-30,2010-01-30,1,1
270,Fleet Foxes,1,2009-08-07,2009-08-07,1,1
271,Flick,1,1998-09-23,1998-09-23,1,1
272,Flogging Molly,1,2011-08-07,2011-08-07,1,1
273,Flume,1,2019-08-20,2019-08-20,1,1
274,Fly Golden Eagle,1,2014-05-10,2014-05-10,1,1
275,Fono,1,2002-08-22,2002-08-22,1,1
278,Foster the People: Torches 10th Anniversary,1,2021-11-17,2021-11-17,1,1
279,Foxy Shazam,1,2010-08-06,2010-08-06,1,1
280,Free Energy,1,2010-04-29,2010-04-29,1,1
281,Freestylers,1,1999-08-27,1999-08-27,1,1
283,Full Range,1,2003-04-27,2003-04-27,1,1
291,GB Leighton,1,2000-07-02,2000-07-02,1,1
286,Galactic,1,2000-08-05,2000-08-05,1,1
288,Garrison Starr,1,1997-10-26,1997-10-26,1,1
290,Gavin Degraw,1,2009-07-10,2009-07-10,1,1
292,Geggy Tah,1,1996-10-10,1996-10-10,1,1
293,Geoff Sabin,1,2002-11-16,2002-11-16,1,1
294,Geri X,1,2010-06-05,2010-06-05,1,1
295,Giant Step,1,2001-11-13,2001-11-13,1,1
299,Glen Hansard,1,2011-06-28,2011-06-28,1,1
300,Gnarls Barkley,1,2008-08-09,2008-08-09,1,1
301,Go Go Penguin,1,2023-05-02,2023-05-02,1,1
302,Goldfinger,1,2000-05-20,2000-05-20,1,1
303,Gomez,1,2009-08-08,2009-08-08,1,1
305,Good Charlotte,1,2000-09-07,2000-09-07,1,1
307,Good Neighbors,1,2025-01-25,2025-01-25,1,1
308,Gorillaz,1,2017-08-11,2017-08-11,1,1
311,Graham Colton Band,1,2004-07-16,2004-07-16,1,1
313,Green Music Fest ’13,1,2013-06-22,2013-06-22,1,1
314,Green River Ordinance,1,2009-08-19,2009-08-19,1,1
315,Greenwheel,1,2002-08-10,2002-08-10,1,1
317,Grimes,1,2016-08-05,2016-08-05,1,1
318,Grizzly Bear,1,2018-09-21,2018-09-21,1,1
320,Guided by Voices,1,2012-07-15,2012-07-15,1,1
321,Guster,1,2002-07-27,2002-07-27,1,1
322,Gwar,1,2022-09-17,2022-09-17,1,1
324,Harmony Riley,1,2002-08-23,2002-08-23,1,1
326,Hayes Carll,1,2014-05-10,2014-05-10,1,1
327,Headlights,1,2009-07-19,2009-07-19,1,1
328,Heaven,1,2000-07-02,2000-07-02,1,1
329,Heavy Times,1,2012-05-10,2012-05-10,1,1
330,Hello Dave,1,2000-07-02,2000-07-02,1,1
333,High Times Cannabis Cup,1,2019-06-23,2019-06-23,1,1
336,Holding Mercury,1,2010-09-25,2010-09-25,1,1
338,Holy Ghost!,1,2014-08-08,2014-08-08,1,1
340,Honne,1,2017-08-02,2017-08-02,1,1
342,Houndmouth,1,2014-05-10,2014-05-10,1,1
344,Hozier,1,2019-08-20,2019-08-20,1,1
345,Hubert Someone,1,2007-07-28,2007-07-28,1,1
346,Hunted Hunter,1,2014-10-17,2014-10-17,1,1
353,INOHA,1,2026-05-09,2026-05-09,1,1
347,Ian Crawford,1,2026-05-02,2026-05-02,1,1
348,Ice Cube,1,2017-09-16,2017-09-16,1,1
349,Ichi Bichi,1,2023-11-04,2023-11-04,1,1
351,In the Valley Below,1,2014-09-19,2014-09-19,1,1
352,Ingrid Michaelson,1,2008-10-11,2008-10-11,1,1
354,Interpol,1,2011-07-05,2011-07-05,1,1
355,Iron & Wine,1,2014-05-11,2014-05-11,1,1
356,J Cole,1,2016-08-05,2016-08-05,1,1
360,Jaill,1,2010-06-05,2010-06-05,1,1
361,Jamboree 2000,1,2000-05-20,2000-05-20,1,1
362,Jamiroquai,1,1997-05-25,1997-05-25,1,1
363,Janet Jackson,1,2018-08-12,2018-08-12,1,1
365,Jason Isbell,1,2014-05-11,2014-05-11,1,1
366,Jason Isbell and the 400 Unit,1,2008-02-08,2008-02-08,1,1
367,Jay Electronica,1,2010-09-04,2010-09-04,1,1
368,Jeep World Outdoor Festival,1,2002-08-11,2002-08-11,1,1
370,Jem,1,2004-07-16,2004-07-16,1,1
371,Jeremy Toback,1,1999-09-29,1999-09-29,1,1
372,Jerry Cantrell,1,2002-08-09,2002-08-09,1,1
373,Jes Hudack,1,2002-08-11,2002-08-11,1,1
374,Jewel,1,2008-10-11,2008-10-11,1,1
375,Jimmie's Chicken Shack,1,1997-08-22,1997-08-22,1,1
376,Jimmy Cliff,1,2010-08-06,2010-08-06,1,1
379,Joe Satriani,1,2008-10-08,2008-10-08,1,1
382,Johnnie Winter,1,2007-07-28,2007-07-28,1,1
383,Johnny Clueless,1,2000-04-25,2000-04-25,1,1
384,Jon Walker,1,2026-05-02,2026-05-02,1,1
386,Josh Kelley,1,2006-09-03,2006-09-03,1,1
388,Jude,1,1999-04-15,1999-04-15,1,1
390,Junior Prom,1,2014-10-17,2014-10-17,1,1
391,Junior Varsity,1,2006-07-30,2006-07-30,1,1
392,Juniper Tar,1,2010-09-23,2010-09-23,1,1
393,Justin Courtney Pierre,1,2018-12-05,2018-12-05,1,1
396,Kacey Musgraves,1,2019-08-11,2019-08-11,1,1
397,Kam Franklin,1,2025-06-21,2025-06-21,1,1
398,Kamasi Washington,1,2016-08-07,2016-08-07,1,1
400,Karl Rorvik and the Crafty Bastards,1,2009-10-08,2009-10-08,1,1
401,Ke$ha,1,2017-09-15,2017-09-15,1,1
402,Kick-Off Concert,1,1996-10-10,1996-10-10,1,1
403,Kid Cudi,1,2011-08-07,2011-08-07,1,1
404,Kiev,1,2014-09-18,2014-09-18,1,1
406,Kitchen Dwellers,1,2019-05-02,2019-05-02,1,1
407,Knockout,1,2002-01-18,2002-01-18,1,1
408,Knuckleduster,1,2002-02-21,2002-02-21,1,1
409,Kyle Ortt,1,2006-06-23,2006-06-23,1,1
410,LA Bluegrass Situation ‘14,1,2004-10-11,2004-10-11,1,1
414,LCD Sound System,1,2016-08-05,2016-08-05,1,1
450,LP,1,2017-06-10,2017-06-10,1,1
411,Last Conservative,1,2006-08-18,2006-08-18,1,1
412,Laura Veirs & the Hall of Flames,1,2009-11-25,2009-11-25,1,1
413,Lauren Daigle,1,2019-08-09,2019-08-09,1,1
415,Left Setter,1,2000-05-24,2000-05-24,1,1
416,Lenny Kravitz,1,1999-08-27,1999-08-27,1,1
417,Less Than Jake,1,2006-07-30,2006-07-30,1,1
418,Letters to Cleo,1,1997-11-03,1997-11-03,1,1
420,Leven Kali,1,2019-08-11,2019-08-11,1,1
422,Liam Gallagher,1,2017-08-03,2017-08-03,1,1
424,Lifted Bells,1,2016-09-18,2016-09-18,1,1
425,Lil Wayne,1,2019-08-09,2019-08-09,1,1
426,Limp Bizkit,1,1998-08-15,1998-08-15,1,1
428,Lit,1,2000-03-19,2000-03-19,1,1
430,Live 105's BFD 2017,1,2017-06-10,2017-06-10,1,1
431,Live at Lagunitas,1,2016-08-15,2016-08-15,1,1
434,Locomotiv,1,1999-12-03,1999-12-03,1,1
435,Logan's Loss,1,2001-05-08,2001-05-08,1,1
436,Logic,1,2017-09-16,2017-09-16,1,1
437,Lokomotiv,1,2000-03-21,2000-03-21,1,1
442,Long Beach Dub All Stars,1,2000-05-20,2000-05-20,1,1
443,Longshot,1,2003-04-03,2003-04-03,1,1
444,Looking Daggers,1,2010-09-12,2010-09-12,1,1
447,Los Lobos,1,2007-07-28,2007-07-28,1,1
448,Los Proberos,1,2002-10-10,2002-10-10,1,1
449,Low vs Diamond,1,2009-05-29,2009-05-29,1,1
451,Lucinda Williams,1,1999-07-31,1999-07-31,1,1
453,Ludovico Einaudi,1,2019-06-12,2019-06-12,1,1
454,Luke Rathborne,1,2010-09-25,2010-09-25,1,1
456,Luster,1,2009-08-01,2009-08-01,1,1
457,M Ward,1,2008-10-11,2008-10-11,1,1
489,MGMT,1,2010-08-08,2010-08-08,1,1
458,Mad Watch,1,2009-10-08,2009-10-08,1,1
459,Madi Diaz,1,2012-07-13,2012-07-13,1,1
460,Magic Bullets,1,2008-08-09,2008-08-09,1,1
461,Magnus,1,2002-10-18,2002-10-18,1,1
463,Manic Street Preachers,1,1999-09-18,1999-09-18,1,1
467,Margot & the Nuclear So & So’s,1,2012-07-15,2012-07-15,1,1
468,Margot & the Nuclear So and So's,1,2012-06-02,2012-06-02,1,1
470,Martin Sexton,1,2002-07-27,2002-07-27,1,1
471,Marvel Kind,1,1999-06-24,1999-06-24,1,1
473,Mary J Blige,1,2013-12-13,2013-12-13,1,1
475,Matchbox 20,1,1998-08-21,1998-08-21,1,1
477,Matt Skiba,1,2010-11-26,2010-11-26,1,1
478,Matt Skiba & the Sekrets,1,2012-06-07,2012-06-07,1,1
479,Matt White,1,2008-04-08,2008-04-08,1,1
480,Mayer Hawthorne & The County,1,2011-08-06,2011-08-06,1,1
481,Meese,1,2009-08-22,2009-08-22,1,1
482,Melt,1,2023-11-11,2023-11-11,1,1
483,Memory Dean,1,1998-08-22,1998-08-22,1,1
484,"Men, Women & Children",1,2006-04-01,2006-04-01,1,1
485,Mest,1,2000-05-24,2000-05-24,1,1
486,Metallica,1,2017-08-12,2017-08-12,1,1
487,Method Man & Redman,1,2016-09-17,2016-09-17,1,1
488,Metric,1,2010-08-07,2010-08-07,1,1
490,Michael Franti & Spearhead,1,2014-08-14,2014-08-14,1,1
491,Microwave,1,2016-09-17,2016-09-17,1,1
492,Middle Kids,1,2023-07-11,2023-07-11,1,1
494,Mihali,1,2018-06-14,2018-06-14,1,1
495,Mikal Cronin,1,2014-08-08,2014-08-08,1,1
496,Mike Campbell & the Dirty Knobs,1,2025-12-09,2025-12-09,1,1
497,Mile,1,2000-08-11,2000-08-11,1,1
499,Million Yen,1,2000-02-25,2000-02-25,1,1
501,Miniature Tigers,1,2010-04-12,2010-04-12,1,1
503,Model Stranger,1,2009-12-17,2009-12-17,1,1
504,Modest Mouse,1,2014-05-10,2014-05-10,1,1
506,Mondo Cozmo,1,2017-06-10,2017-06-10,1,1
507,Monte Montgomery,1,2001-06-09,2001-06-09,1,1
508,Morris Minors,1,2002-10-18,2002-10-18,1,1
509,Mother Root,1,2000-08-25,2000-08-25,1,1
511,Motion City Soundtrack - Commit This to Memory,1,2009-12-19,2009-12-19,1,1
512,Motion City Soundtrack - Even If It Kills Me,1,2009-12-20,2009-12-20,1,1
513,Motion City Soundtrack - I Am the Movie,1,2009-12-18,2009-12-18,1,1
514,Motion City Soundtrack CTTM 10th Anniversary,1,2015-02-13,2015-02-13,1,1
515,Motion City Soundtrack CTTM 17th Anniversary,1,2022-07-14,2022-07-14,1,1
516,Mountain,1,2008-10-08,2008-10-08,1,1
517,Movements,1,2022-09-17,2022-09-17,1,1
518,Mr Miraingai,1,1996-03-22,1996-03-22,1,1
519,Mudhoney,1,2011-09-03,2011-09-03,1,1
520,Mumford & Sons,1,2010-08-08,2010-08-08,1,1
521,Murder by Death,1,2009-10-28,2009-10-28,1,1
522,Muse,1,2011-08-05,2011-08-05,1,1
524,My Dear Disco,1,2008-08-09,2008-08-09,1,1
525,My Morning Jacket,1,2011-08-06,2011-08-06,1,1
543,NOFX,1,2006-07-30,2006-07-30,1,1
526,Nada Surf,1,1996-10-10,1996-10-10,1,1
527,Nadafinga,1,2009-10-08,2009-10-08,1,1
528,Nahko & Medicine for the People,1,2019-08-11,2019-08-11,1,1
529,Nahko and Medicine for the People,1,2014-08-08,2014-08-08,1,1
530,Nas,1,2016-09-17,2016-09-17,1,1
531,Nasa,1,2008-08-08,2008-08-08,1,1
533,Nathaniel Rateliff,1,2010-04-29,2010-04-29,1,1
534,Nathaniel Rateliff & the Night Sweats,1,2016-08-05,2016-08-05,1,1
535,Neil Yong with Crazy Horse,1,1996-09-06,1996-09-06,1,1
536,Neve,1,2000-07-18,2000-07-18,1,1
538,New Found Glory,1,2004-11-08,2004-11-08,1,1
539,New Mastersounds,1,2010-09-04,2010-09-04,1,1
540,New Rising Sons,1,1999-09-18,1999-09-18,1,1
541,Nick Coury,1,2010-09-12,2010-09-12,1,1
542,Nine Pound Shadow,1,2017-06-10,2017-06-10,1,1
544,North Coast Music Festival ’10,1,2010-09-04,2010-09-04,1,1
545,Not So Silent Night 2013,1,2013-12-07,2013-12-07,1,1
546,Nothing Unexpected,1,2008-08-09,2008-08-09,1,1
555,OKOBOS Music Festival,1,2008-10-11,2008-10-11,1,1
560,OPM,1,2000-09-07,2000-09-07,1,1
549,Of Monsters and Men,1,2026-07-28,2026-07-28,1,1
551,Off Balance,1,2002-04-27,2002-04-27,1,1
552,Offspring,1,1998-12-03,1998-12-03,1,1
556,Old 97s,1,2001-08-03,2001-08-03,1,1
557,Oleander,1,1999-10-13,1999-10-13,1,1
558,One Night Love Child,1,2008-05-16,2008-05-16,1,1
559,Ophur,1,2002-02-21,2002-02-21,1,1
561,Organic,1,2000-03-21,2000-03-21,1,1
563,Our Brother the Native,1,2010-05-08,2010-05-08,1,1
565,Ours,1,2002-11-23,2002-11-23,1,1
571,Ozomatli,1,1999-06-19,1999-06-19,1,1
572,P!nk,1,2017-09-16,2017-09-16,1,1
595,PHOX,1,2015-10-20,2015-10-20,1,1
598,PJ Morton,1,2019-08-11,2019-08-11,1,1
611,PXL,1,2003-04-27,2003-04-27,1,1
574,Packway Handle Band,1,2014-05-10,2014-05-10,1,1
575,Palm Palm,1,2022-05-11,2022-05-11,1,1
577,Paolo Nutini,1,2014-08-10,2014-08-10,1,1
578,Pat McGee Band,1,2000-08-25,2000-08-25,1,1
579,Paul McCartney,1,2011-08-01,2011-08-01,1,1
582,Pearly Gate Music,1,2010-04-29,2010-04-29,1,1
584,Perry Farrell,1,2010-08-08,2010-08-08,1,1
585,Pet Engine,1,2000-02-29,2000-02-29,1,1
587,Peter Gabriel,1,2003-06-28,2003-06-28,1,1
589,Phantogram,1,2014-08-23,2014-08-23,1,1
590,Phantom Planet,1,2008-05-23,2008-05-23,1,1
591,Phil Lesch & Friends,1,2018-06-16,2018-06-16,1,1
592,Phillip Phillips,1,2013-07-26,2013-07-26,1,1
596,Pigeons Playing Ping Pong,1,2019-05-02,2019-05-02,1,1
599,Plague Vendor,1,2016-09-17,2016-09-17,1,1
602,Porno for Pyros,1,1995-12-08,1995-12-08,1,1
603,Portland Cello Project,1,2009-10-30,2009-10-30,1,1
604,Portland Symphony Orchestra,1,2013-04-27,2013-04-27,1,1
605,Possum Dixon,1,1998-10-17,1998-10-17,1,1
606,President Barack Obama,1,2015-10-10,2015-10-10,1,1
608,Primitive Radio Gods,1,1996-10-10,1996-10-10,1,1
609,Princeton,1,2009-09-17,2009-09-17,1,1
610,Promise Ring,1,2002-08-04,2002-08-04,1,1
612,Q101's Jamboree '97,1,1997-05-25,1997-05-25,1,1
613,Q101's Jamboree '98,1,1998-05-23,1998-05-23,1,1
614,Q101's Twisted Christmas 2,1,1995-12-08,1995-12-08,1,1
615,Q101's Twisted Christmas 5,1,1998-12-18,1998-12-18,1,1
616,Q101’s Nights We Stole Christmas,1,2017-12-01,2017-12-01,1,1
617,Queens of the Stone Age,1,2011-09-03,2011-09-03,1,1
618,Quiet Corral,1,2012-07-13,2012-07-13,1,1
619,Quinn Sullivan,1,2009-08-08,2009-08-08,1,1
632,REM,1,1999-08-20,1999-08-20,1,1
621,Radford,1,2000-02-29,2000-02-29,1,1
622,Radiohead,1,2016-08-06,2016-08-06,1,1
623,Rage Against the Machine,1,1997-08-29,1997-08-29,1,1
625,Rainbow Kitten Surprise,1,2018-08-12,2018-08-12,1,1
626,Rebelution,1,2010-08-07,2010-08-07,1,1
627,Recover,1,2002-08-04,2002-08-04,1,1
628,Red Elephant,1,2000-11-30,2000-11-30,1,1
630,Red Star Bellgrade,1,1999-10-05,1999-10-05,1,1
633,Remy Shand,1,2002-08-11,2002-08-11,1,1
635,Republica,1,1997-05-25,1997-05-25,1,1
636,Ress,1,2002-08-22,2002-08-22,1,1
637,Retro Morning,1,2001-05-27,2001-05-27,1,1
638,Reuben's Accomplice,1,2009-02-28,2009-02-28,1,1
639,Richard Swift,1,2009-06-28,2009-06-28,1,1
644,Riot Fest ’22 Aftershow,1,2022-09-17,2022-09-17,1,1
645,Rise Against,1,2026-10-20,2026-10-20,1,1
646,River City High,1,2001-11-09,2001-11-09,1,1
647,Rob Thomas,1,2016-09-10,2016-09-10,1,1
648,Robert Cray,1,2007-07-28,2007-07-28,1,1
649,Robert DeLong,1,2015-10-20,2015-10-20,1,1
650,Robert Randolph & the Family Band,1,2007-07-28,2007-07-28,1,1
653,Roger Waters,1,2006-09-29,2006-09-29,1,1
656,Royal Crown Revue,1,1998-07-22,1998-07-22,1,1
657,Rubyhorse,1,2002-08-11,2002-08-11,1,1
658,Run the Jewels,1,2014-08-08,2014-08-08,1,1
659,Ruth Buzzy,1,1999-10-05,1999-10-05,1,1
660,Ruth Ruth,1,1996-03-22,1996-03-22,1,1
661,Ryan Adams and the Cardinals,1,2008-12-12,2008-12-12,1,1
732,SR-71,1,2000-10-26,2000-10-26,1,1
662,Sad Summer Fest ‘23,1,2023-07-29,2023-07-29,1,1
663,Sandra Bernhardt (Comedian),1,2000-02-26,2000-02-26,1,1
666,Sarah Baraleis,1,2008-08-22,2008-08-22,1,1
667,Sausage Fest ’12,1,2012-06-02,2012-06-02,1,1
668,Save Ferris,1,2000-03-19,2000-03-19,1,1
671,Scarves,1,2026-03-14,2026-03-14,1,1
672,Scott Laurent,1,2004-02-13,2004-02-13,1,1
673,Scott Weiland,1,1998-05-23,1998-05-23,1,1
674,Sean Bones,1,2010-04-16,2010-04-16,1,1
675,Second Cumming,1,1999-06-30,1999-06-30,1,1
676,Self,1,1999-09-23,1999-09-23,1,1
678,Sense Field,1,2002-05-29,2002-05-29,1,1
679,Senses Fail,1,2006-07-30,2006-07-30,1,1
680,Seven Day Run,1,2000-11-30,2000-11-30,1,1
681,Seven Year Bitch,1,1996-07-05,1996-07-05,1,1
682,Severa Nazarkhan,1,2003-06-28,2003-06-28,1,1
684,Shaking Tree,1,2000-07-02,2000-07-02,1,1
686,Shaky Knees After Show,1,2014-05-10,2014-05-10,1,1
687,Shawn Colvin,1,1999-09-09,1999-09-09,1,1
688,She is We,1,2016-01-20,2016-01-20,1,1
690,Shooter,1,1999-09-22,1999-09-22,1,1
691,Short Arm Trick,1,2001-07-22,2001-07-22,1,1
692,Showoff,1,1999-09-23,1999-09-23,1,1
693,Shurman,1,2002-08-23,2002-08-23,1,1
694,Silverchair,1,1995-12-08,1995-12-08,1,1
695,Silvercrush,1,2002-08-11,2002-08-11,1,1
696,Silversun Pickups,1,2009-08-09,2009-08-09,1,1
698,Sir Mix-a-lot,1,2014-09-09,2014-09-09,1,1
700,Sixpence None the Richer,1,1999-09-29,1999-09-29,1,1
701,Skillrex,1,2011-08-05,2011-08-05,1,1
702,Sleater-Kinney,1,2022-09-18,2022-09-18,1,1
703,Sleepy Kitty,1,2016-09-17,2016-09-17,1,1
704,Slightly Stoopid,1,2010-08-07,2010-08-07,1,1
705,Smallpools,1,2022-09-12,2022-09-12,1,1
709,Snoop Dogg,1,2009-08-09,2009-08-09,1,1
711,So Many Dynamos,1,2008-10-10,2008-10-10,1,1
712,Social Distortion,1,1997-05-25,1997-05-25,1,1
713,Soja,1,2018-11-08,2018-11-08,1,1
717,Son Volt,1,1999-07-02,1999-07-02,1,1
718,Songs from a Scene 10th Anniversary,1,2010-12-29,2010-12-29,1,1
721,Soundgarden,1,2010-08-08,2010-08-08,1,1
724,Spafford,1,2022-10-20,2022-10-20,1,1
725,Spanish Love Songs,1,2024-04-09,2024-04-09,1,1
726,Specials,1,1998-05-23,1998-05-23,1,1
731,Sprung Monkey,1,1998-08-15,1998-08-15,1,1
733,Stabbing Westward,1,1998-08-15,1998-08-15,1,1
734,Starball,1,2000-02-25,2000-02-25,1,1
735,Starstruck,1,2002-01-18,2002-01-18,1,1
736,Stephen Ashbrook,1,2001-09-01,2001-09-01,1,1
739,Sting,1,2004-07-18,2004-07-18,1,1
740,Stir,1,2000-04-24,2000-04-24,1,1
742,Strange Arrangement,1,2010-09-04,2010-09-04,1,1
744,Sufjan Stevens,1,2016-08-06,2016-08-06,1,1
745,Sugar Ray,1,1999-08-10,1999-08-10,1,1
746,Sugarcult,1,2004-11-08,2004-11-08,1,1
747,Suicide Machines,1,2000-05-20,2000-05-20,1,1
750,Susan Tedeschi,1,1999-10-14,1999-10-14,1,1
751,Swim,1,2001-04-21,2001-04-21,1,1
753,Sydney Sprague,1,2024-04-09,2024-04-09,1,1
759,TCC ’17 Data Night Out,1,2017-10-11,2017-10-11,1,1
897,TV on the Radio,1,2009-08-08,2009-08-08,1,1
754,Tableau Conference Customer Appreciation Party ‘14,1,2014-09-09,2014-09-09,1,1
755,Taking Back Sunday,1,2023-07-29,2023-07-29,1,1
756,Tanlines,1,2014-08-23,2014-08-23,1,1
757,Tantric,1,2001-07-06,2001-07-06,1,1
758,Taste of Chicago,1,2004-07-04,2004-07-04,1,1
760,Team Band,1,2010-05-06,2010-05-06,1,1
761,Team Rockit,1,2008-05-16,2008-05-16,1,1
762,Tears for Fears,1,2023-07-27,2023-07-27,1,1
763,Tedeschi Trucks Band,1,2014-08-08,2014-08-08,1,1
764,Tenki,1,2000-03-21,2000-03-21,1,1
765,Textbook,1,2008-05-16,2008-05-16,1,1
770,The Airborne Toxic Event (acoustic),1,2026-03-28,2026-03-28,1,1
771,The Airborne Toxic Event w/Palm Springs Symphony,1,2026-03-27,2026-03-27,1,1
772,The Airborne Toxic Event with the Pacific Symphony,1,2013-08-23,2013-08-23,1,1
773,The All-American Rejects,1,2023-09-26,2023-09-26,1,1
774,The Alternate Routes,1,2007-12-28,2007-12-28,1,1
775,The Antlers,1,2010-08-08,2010-08-08,1,1
776,The Apache Relay,1,2014-05-10,2014-05-10,1,1
777,The Arcade Fire,1,2014-07-31,2014-07-31,1,1
778,The Audition,1,2007-03-06,2007-03-06,1,1
779,"The Big ""O""",1,2000-10-08,2000-10-08,1,1
780,The Black Fortys,1,2008-08-09,2008-08-09,1,1
782,The Boys Choir of Kenya,1,2008-10-11,2008-10-11,1,1
783,The Breeders,1,2014-09-10,2014-09-10,1,1
784,The Bright Light Social Hour,1,2012-07-14,2012-07-14,1,1
785,The Calling,1,2001-11-13,2001-11-13,1,1
787,The Cells,1,2002-08-19,2002-08-19,1,1
788,The Chain Gang of 1974,1,2011-08-06,2011-08-06,1,1
789,The Classic Crime,1,2025-08-22,2025-08-22,1,1
790,The Corrs,1,2001-03-14,2001-03-14,1,1
791,The Cure,1,2023-06-01,2023-06-01,1,1
792,The Delicious,1,2008-08-09,2008-08-09,1,1
793,The Depreciation Guild,1,2008-08-09,2008-08-09,1,1
794,The Dirty Projectors,1,2010-08-06,2010-08-06,1,1
795,The Dodos,1,2010-08-08,2010-08-08,1,1
797,The Drums,1,2011-08-06,2011-08-06,1,1
798,The Duke Spirit,1,2008-08-09,2008-08-09,1,1
800,The Ettes,1,2010-08-06,2010-08-06,1,1
801,The Felix Culpa,1,2008-04-23,2008-04-23,1,1
802,The Films,1,2009-03-10,2009-03-10,1,1
803,The Flood,1,2008-02-01,2008-02-01,1,1
804,The Flying Machines,1,2008-08-09,2008-08-09,1,1
805,The Flys,1,2000-05-24,2000-05-24,1,1
806,The Format,1,2006-04-01,2006-04-01,1,1
808,The Front Bottoms,1,2022-09-17,2022-09-17,1,1
809,The Gabe Dixon Band,1,2002-08-11,2002-08-11,1,1
811,The Gelheads,1,2002-08-19,2002-08-19,1,1
814,The Hang-Ups,1,1999-02-12,1999-02-12,1,1
815,The Head & The Heart,1,2014-09-09,2014-09-09,1,1
816,The Head and the Heart,1,2017-08-05,2017-08-05,1,1
817,The Henry Clay People,1,2012-07-01,2012-07-01,1,1
819,The Hush Sound,1,2008-05-23,2008-05-23,1,1
821,The KGB,1,2000-07-09,2000-07-09,1,1
822,The Killers,1,2009-08-09,2009-08-09,1,1
823,The Knocks,1,2016-08-06,2016-08-06,1,1
825,The Last Shadow Puppets,1,2016-08-06,2016-08-06,1,1
826,The Lifeline,1,2012-01-21,2012-01-21,1,1
827,The Living End,1,2006-07-30,2006-07-30,1,1
828,The Lonely Forest,1,2011-05-20,2011-05-20,1,1
829,The Loved Ones,1,2009-10-28,2009-10-28,1,1
830,The Maine,1,2023-07-29,2023-07-29,1,1
831,The Matches,1,2006-04-01,2006-04-01,1,1
832,The Maybenauts,1,2010-09-25,2010-09-25,1,1
833,The Minor Leagues,1,2012-07-13,2012-07-13,1,1
836,The Neptunas,1,2014-09-10,2014-09-10,1,1
837,The New Deal,1,2010-09-04,2010-09-04,1,1
838,The New Pornographers,1,2010-08-06,2010-08-06,1,1
839,The Nixons,1,2000-07-02,2000-07-02,1,1
841,The Outlaw Rodeo Show,1,2012-06-16,2012-06-16,1,1
842,The Police,1,2007-07-05,2007-07-05,1,1
843,The Polka Dots,1,2012-06-02,2012-06-02,1,1
844,The Postal Service,1,2023-10-06,2023-10-06,1,1
845,The Raconteurs,1,2008-08-09,2008-08-09,1,1
846,The Romany Rye,1,2010-06-19,2010-06-19,1,1
847,The Roots,1,2008-08-08,2008-08-08,1,1
848,The Shelters,1,2017-08-28,2017-08-28,1,1
849,The Shins,1,2017-08-06,2017-08-06,1,1
850,The Slugs,1,2000-07-18,2000-07-18,1,1
851,The Snails,1,2002-10-18,2002-10-18,1,1
853,The Steepwater Band,1,2002-05-03,2002-05-03,1,1
854,The Steps,1,2008-08-09,2008-08-09,1,1
855,The Story So Far,1,2022-09-17,2022-09-17,1,1
862,The Walters,1,2016-09-17,2016-09-17,1,1
863,The Weeks,1,2014-05-11,2014-05-11,1,1
864,The Whigs,1,2014-05-09,2014-05-09,1,1
869,They Might Be Giants,1,1998-05-23,1998-05-23,1,1
870,Thievery Corporation,1,2009-08-07,2009-08-07,1,1
873,Three Pianos,1,2026-08-14,2026-08-14,1,1
874,Thundercat,1,2022-07-28,2022-07-28,1,1
875,Thunderkatz,1,2007-08-10,2007-08-10,1,1
876,Tiny Masters of Today,1,2008-08-08,2008-08-08,1,1
878,Toad the Wet Sprockett,1,2003-02-18,2003-02-18,1,1
880,Tom Morrello,1,2009-01-15,2009-01-15,1,1
881,Tom Petty,1,2006-09-15,2006-09-15,1,1
886,Toro y Moi,1,2019-08-11,2019-08-11,1,1
887,Tourist Activity,1,2025-12-02,2025-12-02,1,1
888,Tracer,1,2002-11-16,2002-11-16,1,1
889,Tracy Bonham,1,1996-07-05,1996-07-05,1,1
892,Transmatic,1,2001-11-13,2001-11-13,1,1
896,Trombone Shorty & Orleans Avenue,1,2017-03-12,2017-03-12,1,1
900,Two Door Cinema Club,1,2011-08-05,2011-08-05,1,1
901,Tycho,1,2014-08-09,2014-08-09,1,1
905,Umphree’s McGee,1,2010-09-04,2010-09-04,1,1
906,Uncle Kracker,1,2002-11-29,2002-11-29,1,1
907,Unified Theory,1,2000-09-12,2000-09-12,1,1
908,Uninvited,1,1998-08-06,1998-08-06,1,1
909,Unknown Mortal Orchestra,1,2014-08-23,2014-08-23,1,1
910,Unwritten Law,1,1998-12-03,1998-12-03,1,1
911,Val Emmich,1,2004-08-07,2004-08-07,1,1
912,Valencia,1,2010-10-30,2010-10-30,1,1
914,Van Ghost,1,2010-09-04,2010-09-04,1,1
915,Vance Joy,1,2017-08-05,2017-08-05,1,1
919,Vega 4,1,2007-01-25,2007-01-25,1,1
921,Verge Fest,1,2010-06-05,2010-06-05,1,1
922,Veronica 37,1,1999-06-30,1999-06-30,1,1
926,Vibrolush,1,2000-10-08,2000-10-08,1,1
927,Vince Gill,1,2007-07-28,2007-07-28,1,1
928,Violent Femmes,1,2014-05-11,2014-05-11,1,1
929,Viva Volce,1,2007-11-15,2007-11-15,1,1
931,Walk the Moon,1,2011-08-05,2011-08-05,1,1
932,Wallows,1,2019-08-20,2019-08-20,1,1
933,Wally Ingram/David Lindley,1,1999-09-09,1999-09-09,1,1
934,Warped Tour '06,1,2006-07-30,2006-07-30,1,1
935,Warren G,1,2016-08-06,2016-08-06,1,1
936,Watchmen,1,1999-08-03,1999-08-03,1,1
937,Wavves,1,2010-08-06,2010-08-06,1,1
940,Wheatus,1,2000-10-26,2000-10-26,1,1
941,When We Were Young ‘22,1,2022-10-29,2022-10-29,1,1
942,When We Were Young ‘23,1,2023-10-21,2023-10-21,1,1
943,White Arrows,1,2014-09-20,2014-09-20,1,1
944,White Denim,1,2014-05-09,2014-05-09,1,1
945,White Lies,1,2011-08-05,2011-08-05,1,1
947,White Zombie,1,1995-12-08,1995-12-08,1,1
949,Wilco,1,1999-08-20,1999-08-20,1,1
950,Wild Belle,1,2014-05-09,2014-05-09,1,1
953,Willie Nelson,1,2007-07-28,2007-07-28,1,1
954,Wilson,1,2011-06-19,2011-06-19,1,1
955,Winnetka Bowling League,1,2025-06-21,2025-06-21,1,1
956,Winnetka Music Festival ‘25,1,2025-06-21,2025-06-21,1,1
957,Wiz Khalifa,1,2017-08-03,2017-08-03,1,1
958,World's Biggest Block Party,1,2009-07-10,2009-07-10,1,1
959,Worry Club,1,2024-04-09,2024-04-09,1,1
960,Wu Tang Clan,1,1997-08-29,1997-08-29,1,1
961,X Ambassadors,1,2016-05-20,2016-05-20,1,1
962,X-Fest '98,1,1998-08-15,1998-08-15,1,1
963,Yacht,1,2008-04-06,2008-04-06,1,1
964,Yaeji,1,2019-08-09,2019-08-09,1,1
965,Yeah Yeah Yeahs,1,2009-08-08,2009-08-08,1,1
966,Years & Years,1,2016-08-06,2016-08-06,1,1
968,Young Dubliners,1,1999-08-12,1999-08-12,1,1
970,Yungblud,1,2022-09-17,2022-09-17,1,1
971,Zac Clark,1,2024-11-11,2024-11-11,1,1
972,Zebrahead,1,2006-07-30,2006-07-30,1,1
73,band,1,2025-04-02,2025-04-02,1,1
103,blah,1,2014-03-15,2014-03-15,1,1
350,illuminati hottie,1,2025-11-19,2025-11-19,1,1
465,marching band,1,2008-05-22,2008-05-22,1,1
505,moe.,1,2012-02-18,2012-02-18,1,1
550,of Montreal,1,2009-08-07,2009-08-07,1,1
714,someone crappy,1,2012-01-21,2012-01-21,1,1
715,someone with a girl,1,2008-02-08,2008-02-08,1,1
